{
  "epsilon": 0.15,
  "learning_rate": 0.1,
  "update_count": 1346,
  "feature_names": [
    "bias",
    "is_payroll_outlier",
    "is_leave_abuse",
    "is_compliance_violation",
    "confidence"
  ],
  "weights": {
    "auto-correct": [
      -0.8672081161627501,
      -0.5320862439399978,
      -0.11698492194969906,
      -0.21813695027305344,
      -0.20769507450792538
    ],
    "escalate-to-manager": [
      -0.21626902888512245,
      -0.7802855810147088,
      0.6845396911763413,
      -0.12052313904675528,
      0.26101623973255295
    ],
    "escalate-to-HR": [
      -0.3976558594653711,
      -0.5282052043891836,
      -0.09276331275463566,
      0.22331265767844805,
      -0.2474079392141031
    ],
    "flag-for-audit": [
      -0.3523428773148384,
      -0.5959231824258202,
      0.28723643475341537,
      -0.04365612964243354,
      0.20483418556948374
    ],
    "no-action": [
      -0.7311172282534522,
      -0.5484844143675963,
      -0.38166588500407184,
      0.19903307111821597,
      -0.16910715982417984
    ]
  }
}