{
  "epsilon": 0.15,
  "learning_rate": 0.1,
  "update_count": 3920,
  "feature_names": [
    "bias",
    "is_payroll_outlier",
    "is_leave_abuse",
    "is_compliance_violation",
    "confidence"
  ],
  "weights": {
    "auto-correct": [
      -0.7576494932347664,
      -0.37236025071024575,
      -0.12650839655359145,
      -0.2587808459709293,
      -0.2553488522925922
    ],
    "escalate-to-manager": [
      -0.10610589404643689,
      -0.4991913426940989,
      0.5439597459367798,
      -0.15087429728911722,
      0.2896289159810235
    ],
    "escalate-to-HR": [
      -0.08095298339563714,
      0.5041925898618957,
      -0.5838088317201737,
      -0.0013367415373593816,
      -0.31954285329586063
    ],
    "flag-for-audit": [
      -0.2647992009947156,
      -0.6586922726982805,
      0.29530476535907063,
      0.09858830634449416,
      0.12675390640944767
    ],
    "no-action": [
      -0.5891526616809963,
      -0.30026655518960776,
      -0.43668800064123936,
      0.14780189414985084,
      -0.21168785901809023
    ]
  }
}