{
  "epsilon": 0.15,
  "learning_rate": 0.1,
  "update_count": 554,
  "feature_names": [
    "bias",
    "is_payroll_outlier",
    "is_leave_abuse",
    "is_compliance_violation",
    "confidence"
  ],
  "weights": {
    "auto-correct": [
      -0.1763682117519172,
      -0.49813359019549963,
      -0.25038159282443534,
      0.5721469712680182,
      0.3012847269522399
    ],
    "escalate-to-manager": [
      0.15288489701647828,
      -0.3035847514105803,
      0.792222225048036,
      -0.33575257662097735,
      0.10634459494696823
    ],
    "escalate-to-HR": [
      0.14871704776168326,
      0.40231686619998064,
      -0.3524902230820808,
      0.0988904046437834,
      0.19296268018710316
    ],
    "flag-for-audit": [
      -0.08224196109773374,
      -0.04271267913684734,
      0.10755148670370347,
      -0.14708076866458997,
      0.052494472562224795
    ],
    "no-action": [
      -0.03756647687520484,
      -0.15096138332206618,
      0.02603039914404426,
      0.08736450730281715,
      -0.019944007262619974
    ]
  }
}