{
  "epsilon": 0.15,
  "learning_rate": 0.1,
  "update_count": 950,
  "feature_names": [
    "bias",
    "is_payroll_outlier",
    "is_leave_abuse",
    "is_compliance_violation",
    "confidence"
  ],
  "weights": {
    "auto-correct": [
      -0.7654866529537493,
      -0.37517446522343323,
      -0.12743261375019835,
      -0.26287957398011785,
      -0.22722629077650486
    ],
    "escalate-to-manager": [
      -0.04506889598164915,
      -0.44116957964849146,
      0.5378841320951765,
      -0.14178344842833335,
      0.16543169189557894
    ],
    "escalate-to-HR": [
      -0.20006024561225816,
      0.5528538337146328,
      -0.6272296779311634,
      -0.12568440139572779,
      -0.008039561533510702
    ],
    "flag-for-audit": [
      -0.37114056139173196,
      -0.5122299675397727,
      0.06294390964473182,
      0.07814549650330896,
      0.19218242707610483
    ],
    "no-action": [
      -0.6693031857613356,
      -0.33433583296153224,
      -0.4401478137062016,
      0.10518046090639838,
      -0.2332637100278028
    ]
  }
}