{
  "epsilon": 0.15,
  "learning_rate": 0.1,
  "update_count": 752,
  "feature_names": [
    "bias",
    "is_payroll_outlier",
    "is_leave_abuse",
    "is_compliance_violation",
    "confidence"
  ],
  "weights": {
    "auto-correct": [
      -0.7654866529537493,
      -0.37517446522343323,
      -0.12743261375019835,
      -0.26287957398011785,
      -0.22722629077650486
    ],
    "escalate-to-manager": [
      -0.046286141081277404,
      -0.4306504700751218,
      0.5366526453441635,
      -0.15228831635031864,
      0.1735844062666273
    ],
    "escalate-to-HR": [
      -0.20711745308489374,
      0.5543966099179124,
      -0.6273080628242265,
      -0.13420600017857995,
      0.011714554941723597
    ],
    "flag-for-audit": [
      -0.37114056139173196,
      -0.5122299675397727,
      0.06294390964473182,
      0.07814549650330896,
      0.19218242707610483
    ],
    "no-action": [
      -0.6693031857613356,
      -0.33433583296153224,
      -0.4401478137062016,
      0.10518046090639838,
      -0.2332637100278028
    ]
  }
}